{
  "providers": [
    {
      "type": "space",
      "advances": {
        "\uF801": -1,
        "\uF802": -2,
        "\uF803": -4,
        "\uF804": -8,
        "\uF805": -16,
        "\uF806": -32,
        "\uF807": -64,
        "\uF808": -128,
        "\uF809": -256,
        "\uF80A": -512,
        "\uF811": 1,
        "\uF812": 2,
        "\uF813": 4,
        "\uF814": 8,
        "\uF815": 16,
        "\uF816": 32,
        "\uF817": 64,
        "\uF818": 128,
        "\uF819": 256,
        "\uF81A": 512
      }
    },
    {
      "type": "bitmap",
      "file": "minecraft:font/mana_bar_bg.png",
      "ascent": -64,
      "height": 12,
      "chars": ["\uE001"]
    },
    {
      "type": "bitmap",
      "file": "minecraft:font/mana_bar_full.png",
      "ascent": -64,
      "height": 10,
      "chars": ["\uE002"]
    },
    {
      "type": "bitmap",
      "file": "minecraft:font/mana_bar_empty.png",
      "ascent": -64,
      "height": 10,
      "chars": ["\uE003"]
    },
    {
      "type": "bitmap",
      "file": "minecraft:font/mana_icon.png",
      "ascent": -64,
      "height": 10,
      "chars": ["\uE004"]
    },
    {
      "type": "bitmap",
      "file": "minecraft:font/mana_bar_half.png",
      "ascent": -64,
      "height": 10,
      "chars": ["\uE005"]
    },
    {
      "type": "bitmap",
      "file": "minecraft:font/mana_glow.png",
      "ascent": -64,
      "height": 14,
      "chars": ["\uE006"]
    }
  ]
}
