{
  "providers": [
    {
      "type": "space",
      "advances": {
        "": -1,
        "": -2,
        "": -4,
        "": -8,
        "": -16,
        "": -32,
        "": -64,
        "": -128,
        "": -256,
        "": 1,
        "": 2,
        "": 4,
        "": 8,
        "": 16,
        "": 32,
        "": 64,
        "": 128,
        "": 256
      }
    },
    {
      "type": "bitmap",
      "file": "minecraft:font/hud_background.png",
      "ascent": 0,
      "height": 100,
      "chars": [
        ""
      ]
    },
    {
      "type": "bitmap",
      "file": "minecraft:font/mana_orb_empty.png",
      "ascent": 8,
      "height": 16,
      "chars": [
        ""
      ]
    },
    {
      "type": "bitmap",
      "file": "minecraft:font/mana_orb_full.png",
      "ascent": 8,
      "height": 16,
      "chars": [
        ""
      ]
    },
    {
      "type": "bitmap",
      "file": "minecraft:font/mana_bar_start.png",
      "ascent": 8,
      "height": 20,
      "chars": [
        ""
      ]
    },
    {
      "type": "bitmap",
      "file": "minecraft:font/mana_bar_end.png",
      "ascent": 8,
      "height": 20,
      "chars": [
        ""
      ]
    },
    {
      "type": "bitmap",
      "file": "minecraft:font/mana_icon.png",
      "ascent": 8,
      "height": 20,
      "chars": [
        ""
      ]
    },
    {
      "type": "bitmap",
      "file": "minecraft:font/health_heart_full.png",
      "ascent": 8,
      "height": 16,
      "chars": [
        ""
      ]
    },
    {
      "type": "bitmap",
      "file": "minecraft:font/health_heart_half.png",
      "ascent": 8,
      "height": 16,
      "chars": [
        ""
      ]
    },
    {
      "type": "bitmap",
      "file": "minecraft:font/health_heart_empty.png",
      "ascent": 8,
      "height": 16,
      "chars": [
        ""
      ]
    },
    {
      "type": "bitmap",
      "file": "minecraft:font/health_icon.png",
      "ascent": 8,
      "height": 20,
      "chars": [
        ""
      ]
    },
    {
      "type": "bitmap",
      "file": "minecraft:font/exp_orb.png",
      "ascent": 8,
      "height": 16,
      "chars": [
        ""
      ]
    },
    {
      "type": "bitmap",
      "file": "minecraft:font/exp_bar_empty.png",
      "ascent": 8,
      "height": 16,
      "chars": [
        ""
      ]
    },
    {
      "type": "bitmap",
      "file": "minecraft:font/exp_bar_full.png",
      "ascent": 8,
      "height": 16,
      "chars": [
        ""
      ]
    },
    {
      "type": "bitmap",
      "file": "minecraft:font/level_star.png",
      "ascent": 8,
      "height": 20,
      "chars": [
        ""
      ]
    }
  ]
}