{
  "providers": [
    {
      "type": "bitmap",
      "file": "minecraft:font/mana_bar_bg.png",
      "chars": [
        ""
      ],
      "height": 9,
      "ascent": 8
    },
    {
      "type": "bitmap",
      "file": "minecraft:font/mana_bar_empty.png",
      "chars": [
        ""
      ],
      "height": 9,
      "ascent": 8
    },
    {
      "type": "bitmap",
      "file": "minecraft:font/mana_bar_full.png",
      "chars": [
        ""
      ],
      "height": 9,
      "ascent": 8
    },
    {
      "type": "bitmap",
      "file": "minecraft:font/mana_icon.png",
      "chars": [
        ""
      ],
      "height": 16,
      "ascent": 10
    },
    {
      "type": "bitmap",
      "file": "minecraft:font/health_heart_full.png",
      "chars": [
        ""
      ],
      "height": 9,
      "ascent": 8
    },
    {
      "type": "bitmap",
      "file": "minecraft:font/health_heart_empty.png",
      "chars": [
        ""
      ],
      "height": 9,
      "ascent": 8
    },
    {
      "type": "bitmap",
      "file": "minecraft:font/health_icon.png",
      "chars": [
        ""
      ],
      "height": 16,
      "ascent": 10
    },
    {
      "type": "bitmap",
      "file": "minecraft:font/exp_bar_full.png",
      "chars": [
        ""
      ],
      "height": 9,
      "ascent": 8
    },
    {
      "type": "bitmap",
      "file": "minecraft:font/exp_bar_empty.png",
      "chars": [
        ""
      ],
      "height": 9,
      "ascent": 8
    },
    {
      "type": "bitmap",
      "file": "minecraft:font/exp_orb.png",
      "chars": [
        ""
      ],
      "height": 16,
      "ascent": 10
    },
    {
      "type": "bitmap",
      "file": "minecraft:font/level_star.png",
      "chars": [
        ""
      ],
      "height": 16,
      "ascent": 10
    },
    {
      "type": "bitmap",
      "file": "minecraft:font/hud_background.png",
      "chars": [
        ""
      ],
      "height": 64,
      "ascent": 32
    },
    {
      "type": "space",
      "advances": {
        "": -1
      }
    },
    {
      "type": "space",
      "advances": {
        "": -2
      }
    },
    {
      "type": "space",
      "advances": {
        "": -4
      }
    },
    {
      "type": "space",
      "advances": {
        "": -8
      }
    },
    {
      "type": "space",
      "advances": {
        "": -16
      }
    },
    {
      "type": "space",
      "advances": {
        "": -32
      }
    },
    {
      "type": "space",
      "advances": {
        "": -64
      }
    },
    {
      "type": "space",
      "advances": {
        "": -128
      }
    },
    {
      "type": "space",
      "advances": {
        "": -256
      }
    },
    {
      "type": "space",
      "advances": {
        "": 1
      }
    },
    {
      "type": "space",
      "advances": {
        "": 2
      }
    },
    {
      "type": "space",
      "advances": {
        "": 4
      }
    },
    {
      "type": "space",
      "advances": {
        "": 8
      }
    },
    {
      "type": "space",
      "advances": {
        "": 16
      }
    },
    {
      "type": "space",
      "advances": {
        "": 32
      }
    },
    {
      "type": "space",
      "advances": {
        "": 64
      }
    },
    {
      "type": "space",
      "advances": {
        "": 128
      }
    },
    {
      "type": "space",
      "advances": {
        "": 256
      }
    }
  ]
}